serial_no,Name,Product/Services,Website,Address,Contact Info
1,MARUTI PRINTS,"PRINTING, REPRODUCTION OF RECORDED MEDIA,INSTALLATION SERVICE,EVENTS...",http://www.marutiprints.com," 42,43,47, C Wing, Gurugobind Singh Ind, Jai Coach, Goregaon East, Goregaon E, India",97XXXX9000
2,SURYA GRAPHICS,3D LED Boards Glow Sign Boards Outdoor Advertising Direction Boards In Shop Branding Graphics P...,http://www.suryagraphics.com," No.17, 1st Floor, New Agraharam Street, Dhinakaran Down, Kosapet, VELLORE, India","94XXXX6529,04XXXX16824"
3,DJ MEDIA PRINT & LOGISTICS LTD,"ALL KIND OF PRINTING, BULK MAILING, NEWSPAPER PRINT ADVERTISMENT, LOGISTIC, MANPOWER SUPPLY, SCANNI...",Not Available," MARINE LINES, MUMBAI, India",93XXXX5444
4,M/S BIG SCREEN,"ADVERTISEMENT HOARDING AND LED DISPLAY, GLOW SIGN BOARD & OUTDOOR HOARDINGS, FLEX PRINTING ETC....",Not Available," Flat No:- Berhampur, Building:- Hatibandha Street, Road/Street:- Hatibandha Street Main Road, Village/Town:- Berhampur, Block:- Berhampur, City:- Berhampur, GANJAM, India","99XXXX3201,99XXXX3201"
5,Peakmaax.in,Led 3d signage letters led profile led emergency lighting 3d Wall Painting 3d hologram fan display ...,peakmaax.in," Thane, India","97XXXX6676,93XXXX1574"
6,Z ADVERTISING & DESIGN,"Mobile charging station,LED Display screen, Information kiosk ,Glow sign Board Charger,Name Board ,N...",http://www.zadvertisingdesign.co.in," East Delhi, India","98XXXX8086,01XXXX236160"
7,RAINBOW PRINTADS PRIVATE LIMITED,WE ARE MANUFACTURE OF LD FOAM BANNER / BUNTING AND METAL POSTER / METAL DEALER BOARD...,http://rainbowprintads.com," GHAZIABAD, India","78XXXX3621,99XXXX1701"
8,PR PRODUCTIONS,"DOCUMENTARY FILMS, TV COMMERCIAL, BROCHURE DESIGNS, CORPORATE FILMS, PRODUCT LAUNCH FILMS, SALES PRO...",http://www.prproductions.net.in," Ahmedabad, India","94XXXX6968,94XXXX6968"
9,HERMES ADVERTISING,"Advertising material, CORPORATE WALL PAINTING, ACP BOARD, GSB BOARD, FRONT LIT AND BACK LIT BOARD, D...",Not Available," KOLKATA, India",90XXXX9772
10,Sharad Advertising Pvt.Ltd,"ADVERTISING , PRINTING ,exhibition , digital ...",http://www.sharadadvertising.com," Delhi,Delhi, India","99XXXX5345,01XXXX872608"
